title,url,publisher,publisher_type,date,about_draft,training_or_briefing,retrieval,SH1,SH2,TR,S5,SUP,GB,A2,DIV,METH
"The New National Planning Policy Framework - Webinar Update August 2026","https://www.youtube.com/watch?v=aoM-LCIzslY","39 Essex Chambers","chambers","2026-08-25","false","false","read; saved copy","","","","","","","","",""
"New NPPF","https://acornrpc.co.uk/new-nppf-2/","Acorn Rural Property Consultants","consultancy","2026-01-06","true","false","read online","","","","","","","","",""
"NPPF 2026: What the New Planning Policies Mean for Residential Development","https://www.agoraarchitects.co.uk/insights/nppf-2026-planning-policy-guide","AGORA Architects","consultancy","","false","false","read; saved copy","","","","agrees","agrees","","","",""
"National Planning Policy Framework – What are the key changes?","https://www.anthonycollins.com/blog/102nq4i/national-planning-policy-framework-what-are-the-key-changes/","Anthony Collins Solicitors","law-firm","2026-08-18","false","false","read; saved copy","","","","","","","","",""
"Problems and issues within and without for the 2026 NPPF","https://www.asocialdemocraticfuture.org/problems-and-issues-within-and-without-for-the-2026-nppf/","A Social Democratic Future (blog)","independent","2026-05-28","true","false","read; saved copy","agrees","","","agrees","","","","",""
"The New NPPF 2026: What Has Changed for Heritage?","https://www.auroraheritageplanning.co.uk/our-blog/nppf-2026-heritage-changes","Aurora Heritage Planning","consultancy","2026-08-17","false","false","read; saved copy","","","","","","","","",""
"National Planning Policy Framework, Annex A: Implementation","https://www.gov.uk/guidance/national-planning-policy-framework-annex-a-implementation","Ministry of Housing, Communities and Local Government (MHCLG)","government","","false","false","read; saved copy","","","","","","","agrees","",""
"National Planning Policy Framework, Annex B: Glossary","https://www.gov.uk/guidance/national-planning-policy-framework-annex-b-glossary","Ministry of Housing, Communities and Local Government (MHCLG)","government","","false","false","read; saved copy","agrees","agrees","agrees","","","","","",""
"National Planning Policy Framework, Chapter 13: Protecting Green Belt land (GB1-8)","https://www.gov.uk/guidance/national-planning-policy-framework-chapter-13-protecting-green-belt-land-gb1-8","Ministry of Housing, Communities and Local Government (MHCLG)","government","","false","false","read; saved copy","","agrees","","","","agrees","","",""
"National Planning Policy Framework, Chapter 15: Promoting sustainable transport (TR1-8)","https://www.gov.uk/guidance/national-planning-policy-framework-chapter-15-promoting-sustainable-transport-tr1-8","Ministry of Housing, Communities and Local Government (MHCLG)","government","","false","false","read; saved copy","","","agrees","","","","","",""
"National Planning Policy Framework, Chapter 4: Achieving sustainable development (S1-6)","https://www.gov.uk/guidance/national-planning-policy-framework-chapter-4-achieving-sustainable-development-s1-6","Ministry of Housing, Communities and Local Government (MHCLG)","government","","false","false","read; saved copy","agrees","agrees","","agrees","agrees","agrees","","",""
"National Planning Policy Framework (GOV.UK guidance page)","https://www.gov.uk/guidance/national-planning-policy-framework","Ministry of Housing, Communities and Local Government (MHCLG)","government","","false","false","read; saved copy","","","","","","","","",""
"National Planning Policy Framework (PDF, August 2026)","https://assets.publishing.service.gov.uk/media/6a8334c03bd75b81e2329ac4/National_Planning_Policy_Framework.pdf","Ministry of Housing, Communities and Local Government (MHCLG)","government","2026-08-17","false","false","read; saved copy","agrees","qualifies","","agrees","agrees","agrees","agrees","",""
"National Planning Policy Framework (PDF, current asset linked from GOV.UK after 29 Sep 2026 update)","https://assets.publishing.service.gov.uk/media/6aabe97844ec1aa417346c0b/National_Planning_Policy_Framework.pdf","Ministry of Housing, Communities and Local Government (MHCLG)","government","","false","false","read; saved copy","","","","","","","","",""
"Changes to the National Planning Policy Framework (NPPF) and other changes to the planning system: August 2026","https://www.local.gov.uk/parliament/briefings-and-responses/changes-national-planning-policy-framework-nppf-and-other","Local Government Association","sector-body","","false","true","read; saved copy","","","agrees","agrees","agrees","","agrees","",""
"PAS 2026 Events","https://www.local.gov.uk/pas/events/past-events/2026-events","Planning Advisory Service (Local Government Association)","government","","true","true","read; saved copy","","","","","","","","",""
"New Plan-Making System: What We Know So Far","https://www.local.gov.uk/pas/plans/new-plan-making-system-what-we-know-so-far","Planning Advisory Service (Local Government Association)","government","","false","true","read; saved copy","","","","","","","","",""
"Planning Inspectorate (GOV.UK organisation page)","https://www.gov.uk/government/organisations/planning-inspectorate","Planning Inspectorate","pins","2026-10-01","false","false","read; saved copy","","","","","","","","",""
"Copy of Latest Inspector Training Manual (FOI request to Planning Inspectorate)","https://www.whatdotheyknow.com/request/copy_of_latest_inspector_trainin","WhatDoTheyKnow / Planning Inspectorate","pins","2019-02-21","false","true","read; saved copy","","","","","","","","",""
"Inspector Training Manual (FOI request to Planning Inspectorate)","https://www.whatdotheyknow.com/request/inspector_training_manual_5","WhatDoTheyKnow / Planning Inspectorate","pins","2025-02-11","false","true","read; saved copy","","","","","","","","",""
"Request for copy of most up-to-date Planning Inspector Training Manual (FOI)","https://www.whatdotheyknow.com/request/request_for_copy_of_most_up_to_d","WhatDoTheyKnow / Planning Inspectorate","pins","2025-04-29","false","true","read; saved copy","","","","","","","","",""
"Request for Inspector Training Manual and Model Planning Conditions. England (FOI)","https://www.whatdotheyknow.com/request/request_for_inspector_training_m","WhatDoTheyKnow / Planning Inspectorate","pins","2024-01-26","false","true","read; saved copy","","","","","","","","",""
"Local Plan Training","https://www.local.gov.uk/pas/plans/pas-local-plan-support-programme/local-plan-training","Planning Advisory Service / Local Government Association","training-body","","false","true","read; saved copy","","","","","","","","",""
"Welcome to the Planning Advisory Service (PAS)","https://www.local.gov.uk/welcome-planning-advisory-service-pas","Planning Advisory Service / Local Government Association","training-body","","false","true","read; saved copy","","","","","","","","",""
"Navigating the draft revised National Planning Policy Framework","https://www.stantec.com/uk/ideas/spotlight/acquisition/barton-willmore/navigating-the-draft-revised-national-planning-policy-framework","Barton Willmore, now Stantec","consultancy","","true","false","found, not read","","","","","","","","",""
"How the planning system is changing - Training for Local Councils (handout, 24/02/2026)","https://battletowncouncil.gov.uk/wp-content/uploads/2025/05/7a-How-the-Planning-System-is-Changing-February-2026-HANDOUT.pdf","Battle Town Council (training handout; trainer not named)","training-body","2026-02-24","true","true","read; saved copy","","","","","agrees","","qualifies","",""
"The Draft NPPF: Unpacked","https://www.bidwells.co.uk/the-draft-nppf-unpacked/","Bidwells","consultancy","","true","false","read; saved copy","","","","","","","","",""
"NPPF December 2025: What the Latest Reforms Mean for Landowners","https://www.bidwells.co.uk/insights-reports-events/NPPF-December-2025-What-the-Latest-Reforms-Mean-for-Landowners/","Bidwells","consultancy","","true","false","read; saved copy","","","","","","","","",""
"Commentary on the Draft NPPF","https://www.boyerplanning.co.uk/news/commentary-draft-nppf","Boyer","consultancy","2024-08-02","true","false","read; saved copy","","","","","","","","",""
"NPPF August 2026","https://www.boyerplanning.co.uk/news/nppf-august-2026","Boyer","consultancy","2026-08-17","false","false","read; saved copy","","","","","agrees","","","",""
"Planning Committee, 13 February 2026, agenda item 10: National Planning Policy Framework consultation and changes to BNG","https://www.broads-authority.gov.uk/about-us/committees/planning-committee/planning-committee-13-february-2026/NPPF-consultation-and-changes-to-BNG.pdf","Broads Authority","lpa","2026-02-13","true","true","found, not read","","","","","","","","",""
"NPPF 2026: Key Changes and Implications for Development","https://brookbanks.com/nppf-2026-review/","Brookbanks","consultancy","2026-08-19","false","false","read online","","agrees","","agrees","","","","","agrees"
"NPPF 2026 consultation: Browne Jacobson's response","https://www.brownejacobson.com/insights/nppf-2026-amendments-browne-jacobson-response","Browne Jacobson","law-firm","2026-03-12","true","false","read; saved copy","","","","agrees","","","","",""
"NPPF 2026: Firm response on Annex A data centre planning","https://www.brownejacobson.com/insights/nppf-2026-amendments-browne-jacobson-response/data-centres-and-on-site-energy-generation","Browne Jacobson","law-firm","2026-03-12","true","false","read; saved copy","","","","","","","","",""
"National Planning Policy Framework 2026 published: planning lawyers comment","https://www.brownejacobson.com/about/news-media/national-planning-policy-framework-2026-published-planning-lawyers-comment","Browne Jacobson","law-firm","2026-08-17","false","false","read; saved copy","","","","","","","","",""
"The August 2026 NPPF: Key departures from the consultation draft","https://www.burges-salmon.com/our-thinking/the-august-2026-nppf-key-departures-from-the-consultation-draft/","Burges Salmon (Adam Richards, Sarah Sutherland, Daniel Whittle)","law-firm","2026-08-21","false","false","read; saved copy","agrees","","","agrees","","","agrees","",""
"The New NPPF - One Month On","https://www.burges-salmon.com/articles/102o1g3/the-new-nppf-one-month-on/","Burges Salmon","law-firm","2026-09-17","false","false","read; saved copy","","","","agrees","","","qualifies","","agrees"
"Councils warn that the government's new planning rules override local voices and could leave rural areas vulnerable to speculative development","https://www.countycouncilsnetwork.org.uk/news/councils-warn-that-the-governments-new-planning-rules-override-local-voices-and-could-leave-rural-areas-vulnerable-to-speculative-development","County Councils Network (CCN)","sector-body","2026-03-17","true","false","read; saved copy","","","","","","","","",""
"NPPF 2026: Key Planning Policy Changes & What They Mean for Development","https://ceresproperty.co.uk/insights/nppf-2026-key-planning-policy-changes-what-they-mean-for-development","Ceres Property","consultancy","2026-08-17","false","false","read online","","","agrees","","","","agrees","",""
"CIHT NPPF 2026 consultation response","https://www.ciht.org.uk/media/yxbfqxgn/final-ciht-nppf-2026-consultation-response.pdf","Chartered Institution of Highways & Transportation (CIHT)","sector-body","","true","false","read; saved copy","","","agrees","","qualifies","","","",""
"Civic Voice response to MHCLG open consultation on NPPF proposed reforms","https://civicvoice.org.uk/wp-content/uploads/2026/02/NPPF-consultation-response-13-02-2026.pdf","Civic Voice","campaign","2026-02-13","true","false","read; saved copy","","","","agrees","","","","",""
"UK real estate: What's on the horizon for 2026?","https://www.clydeco.com/en/insights/2026/01/uk-real-estate-what-s-on-the-horizon","Clyde & Co","law-firm","2026-01-14","true","false","read; saved copy","","","","","","","","",""
"Latest News - Community Planning Alliance","https://communityplanningalliance.org/news/","Community Planning Alliance","campaign","","false","false","read; saved copy","","","","","","","","",""
"Planning reform in focus: Highlights from our draft NPPF roundtable with hgh Consulting","https://cornerstonebarristers.com/planning-reform-in-focus-highlights-from-our-draft-nppf-roundtable-with-hgh-consulting/","Cornerstone Barristers / hgh Consulting","chambers","2026-03-02","true","false","read; saved copy","","","","agrees","","","","",""
"Planning Day 2026 (23 November 2026)","https://cornerstonebarristers.com/event/planning-day-2026/","Cornerstone Barristers","chambers","2026-11-23","false","false","read; saved copy","","","","","","","","","agrees"
"The revised NPPF: navigating the new “rules-based planning system”","https://cornerstonebarristers.com/the-revised-nppf-navigating-the-new-rules-based-planning-system/","Cornerstone Barristers","chambers","2026-08-20","false","false","read; saved copy","","","","qualifies","","agrees","qualifies","",""
"The revised NPPF: navigating the new “rules-based planning system” (PDF version)","https://cornerstonebarristers.com/wp-content/uploads/2026/08/The-revised-NPPF-navigating-the-new-rules-based-planning-system.pdf","Cornerstone Barristers","chambers","2026-08-19","false","false","read; saved copy","","","","qualifies","","agrees","agrees","",""
"Unpacking the new NPPF draft","https://cornerstonebarristers.com/unpacking-the-new-nppf-draft/","Cornerstone Barristers","chambers","2025-12-16","true","false","read; saved copy","","","","agrees","","","","",""
"Green Belt and Grey Belt","https://www.cprebeds.org.uk/news/green-belt-and-grey-belt/","CPRE Bedfordshire","campaign","2026-03-06","true","false","read; saved copy","","","","","","agrees","","",""
"Guidance on how to respond - Government consultation on NPPF changes","https://www.cpreherts.org.uk/news/guidance-on-how-to-respond-government-consultation-on-nppf-changes/","CPRE Hertfordshire","campaign","2024-09-17","true","false","read; saved copy","","","","","","","","",""
"Our response to the new draft National Planning Policy Framework","https://www.cpreherts.org.uk/news/our-response-to-the-new-draft-national-planning-policy-framework/","CPRE Hertfordshire","campaign","2026-02-26","true","false","read; saved copy","","","","","","","","",""
"What the grey-belt policy is really doing to parts of our countryside","https://www.cprekent.org.uk/news/what-the-grey-belt-policy-is-really-doing-to-our-countryside/","CPRE Kent","campaign","2026-04-24","false","false","read; saved copy","","","","","","agrees","","","agrees"
"NPPF: More focus needed on brownfield and affordable homes, we say","https://www.cpre.org.uk/news/nppf-more-focus-needed-on-brownfield-and-affordable-homes-we-say/","CPRE, the countryside charity","campaign","2023-12-19","false","false","read online","","","","","","","","",""
"The National Planning Policy Framework: mapping our collective response","https://www.cpre.org.uk/news/the-national-planning-policy-framework-mapping-our-collective-response/","CPRE, the countryside charity","campaign","2026-05-13","true","false","read online","","","","","","agrees","","",""
"Proposed Planning Reforms Raise Serious Concerns for Oxfordshire's Countryside","https://www.cpreoxon.org.uk/news/proposed-planning-reforms-raise-serious-concerns-for-oxfordshires-countryside/","CPRE Oxfordshire","campaign","2026-03-10","true","false","read; saved copy","","","","","","","","",""
"CPRE responds to summer 2026 NPPF announcement","https://www.cpre.org.uk/news/cpre-responds-to-summer-2026-nppf-announcement/","CPRE, the countryside charity","campaign","2026-08-17","false","false","read online","","","","","","","","",""
"Our response to the draft revised National Planning Policy Framework","https://www.cpre.org.uk/news/our-response-to-the-draft-revised-national-planning-policy-framework/","CPRE, the countryside charity","campaign","2025-12-16","true","false","read online","","","","","","agrees","","",""
"A summary of CPRE's response to the NPPF consultation","https://www.cpre.org.uk/news/a-summary-of-cpres-response-to-the-nppf-consultation/","CPRE, the countryside charity","campaign","2026-03-12","true","false","read online","","","","","","agrees","","","agrees"
"Key planning policy to scrap protection for valued landscapes, we warn","https://www.cpre.org.uk/news/key-planning-policy-to-scrap-protection-for-valued-landscapes-we-warn/","CPRE, the countryside charity","campaign","2026-06-24","true","false","read online","","","","","","","","","agrees"
"Understanding the changes to the National Planning Policy Framework 2026","https://www.designingbuildings.co.uk/wiki/Understanding_the_changes_to_the_National_Planning_Policy_Framework_2026","Designing Buildings Wiki (article by the Chartered Institute of Building)","independent","","false","false","read; saved copy","","","","","","","","",""
"The New NPPF 2026 Has Arrived: What Does it Mean for Planning and Development?","https://www.dhaplanning.co.uk/knowledge/the-new-nppf-2026-has-arrived-what-does-it-mean-for-planning-and-development","DHA Planning","consultancy","2026-08-17","false","false","read; saved copy","","","","","","","","",""
"Have your say on the future of the countryside and respond to the NPPF","https://dorset-cpre.org.uk/news/respond-to-nppf-consultation/","Dorset CPRE","campaign","2026-03-03","true","false","read; saved copy","","","","","qualifies","","","",""
"The New NPPF (August 2026): What It Means for Farms, Estates and Diversification Projects","https://www.dudleypeverill.co.uk/the-new-nppf-august-2026-what-it-means-for-farms-estates-and-diversification-projects/","Dudley Peverill","consultancy","2026-08-17","false","false","read; saved copy","","","","agrees","","agrees","qualifies","","agrees"
"The new 20% housing land supply buffer: what it means from July 2026","https://www.eddisons.com/insights/the-new-20-housing-land-supply-buffer-what-it-means-from-july-2026","Eddisons (BTG Eddisons)","consultancy","2026-07-22","false","false","read; saved copy","","","","","agrees","","","",""
"Draft NPPF Consultation: Rural Development","https://www.edgarslimited.co.uk/2026/01/23/draft-nppf-consultation-rural-development/","Edgars","consultancy","2026-01-23","true","false","read; saved copy","","","","agrees","","","","",""
"The National Planning Policy Framework 2026: What Has Changed and Why It Matters","https://insights.edwincoe.com/post/102nrk9/the-national-planning-policy-framework-2026-what-has-changed-and-why-it-matters","Edwin Coe","law-firm","","false","false","read; saved copy","","","","","agrees","","","","agrees"
"Another new NPPF (Legal comment)","https://eg.mydigitalpublication.co.uk/publication/?i=869545&article_id=5204946&view=articleBrowser","Estates Gazette","press","2026-09-05","false","false","found, not read","","","","","","","","",""
"Government backs 'default yes' for homes around stations in NPPF overhaul","https://www.estatesgazette.co.uk/news/government-backs-default-yes-for-homes-around-stations-in-nppf-overhaul/","Estates Gazette","press","2026-08-17","false","false","found, not read","","","","","","","","",""
"East Hampshire District Council Cabinet 28 May 2026: Local Plan Update (EHDC/2026/051)","https://easthants.moderngov.co.uk/documents/s29943/Cabinet%20Report%20Local%20Plan%20Update%2028.05.26.pdf","East Hampshire District Council","lpa","2026-05-28","true","true","read; saved copy","","","","","","","","",""
"Rural sector responds to ‘relaxed’ planning rules in England","https://www.farmersguide.co.uk/business/rural-sector-responds-to-relaxed-planning-rules-in-england/","Farmers Guide","press","2026-08-18","false","false","read; saved copy","","","","","","","","",""
"What's in the new National Planning Policy Framework (NPPF)?","https://groups.friendsoftheearth.uk/whats-new-national-planning-policy-framework-nppf","Friends of the Earth","campaign","2025-11-26","false","false","read; saved copy","","","","","","","","",""
"From consultation to publication: What has changed in the new NPPF?","https://www.freeths.co.uk/insights-events/legal-articles/2026/from-consultation-to-publication-what-has-changed-in-the-new-nppf/","Freeths","law-firm","2026-09-01","false","false","read; saved copy","","","","agrees","agrees","qualifies","","",""
"Draft NPPF Consultation: What's new in the Government's revised planning framework","https://www.freeths.co.uk/insights-events/legal-articles/2026/draft-nppf-consultation-what-s-new-in-the-government-s-revised-planning-framework/","Freeths","law-firm","2026-02-11","true","false","read; saved copy","","","","agrees","agrees","","","",""
"The new NPPF 2026","https://www.fsp-law.com/the-new-nppf-2026/","Field Seymour Parkes LLP","law-firm","2026-09-02","false","false","read; saved copy","","","","","","","","",""
"FTB Annual Planning Forum 2026 - NPPF Special","https://www.eventbrite.co.uk/e/ftb-annual-planning-forum-2026-nppf-special-tickets-1994563334626","Francis Taylor Building (FTB)","chambers","2026-10-01","false","false","read; saved copy","","","","","","","","",""
"Breakfast Briefing on the NPPF 2026: a rules based system for plans and decisions","https://www.ftbchambers.co.uk/index.php/events/event-registration/breakfast-briefing-the-new-nppf-a-rules-based-system-for-plans-and-decisions","Francis Taylor Building (FTB)","chambers","2026-10-08","false","false","read online","","","","","","","","",""
"Michael Rhimes Successful in Defending an Appeal Against 115 Homes, Without Five-Year Housing Land Supply, Under the August 2026 NPPF","https://www.ftbchambers.co.uk/news/news-view/michael-rhimes-successful-in-defending-an-appeal-against-115-homes-without-five-year-housing-land-supply-under-the-august-2026-nppf","Francis Taylor Building","chambers","2026-09-18","false","false","read online","","","","","agrees","","","",""
"What new planning framework means for farmers and rural businesses","https://www.fwi.co.uk/business/business-management/planning-permission/what-new-planning-framework-means-for-farmers-and-rural-businesses","Farmers Weekly","press","2026-04-15","true","false","read; saved copy","agrees","","","qualifies","","","qualifies","",""
"Response to Government consultation - Proposed changes to the NPPF (Gedling Portfolio Holder report, 27 Feb 2026)","https://democracy.gedling.gov.uk/documents/s44422/Portfolio Holder report - NPPF 2026.pdf","Gedling Borough Council","lpa","2026-02-27","true","true","read; saved copy","","","","","","","","",""
"My response to the NPPF consultation 2026","https://gillianjamieson.substack.com/p/my-response-to-the-nppf-consultation","Gillian Jamieson (Substack)","independent","","true","false","read; saved copy","","","","","","","","",""
"national-planning-policy: S5(5) summary omits the Green Belt carve-back, and it produced a wrong Severity A finding in use","https://github.com/SeagullTwo/uk-planning-skills/issues/62","SeagullTwo/uk-planning-skills (GitHub)","independent","2026-09-20","false","false","read; saved copy","","","","","","agrees","","",""
"Opinion: Rural Roar – My Parish Council Is Backing the Campaign and Standing Up for Surrey Villages","https://guildford-dragon.com/opinion-rural-roar-my-parish-council-is-backing-the-campaign-and-standing-up-for-surrey-villages/","The Guildford Dragon (opinion piece by Cllr Paula Moss, vice-chair, Effingham Parish Council)","press","2026-09-11","false","false","read; saved copy","","","","","","agrees","","","agrees"
"Grey-belt Land (House of Commons oral questions, 23 Feb 2026)","https://hansard.parliament.uk/commons/2026-02-23/debates/C18414CD-CF8D-4A54-948E-154CDC243375/Grey-BeltLand","UK Parliament Hansard","government","2026-02-23","true","false","read; saved copy","","","","","","","","",""
"Home Builders Federation representation (Rep 12): Hyndburn Local Plan Main Modifications","https://www.hyndburnbc.gov.uk/wp-content/uploads/2026/05/Rep-12-Home-Builders-Federation.pdf","Home Builders Federation (via Hyndburn Borough Council)","sector-body","2026-04-30","true","false","read; saved copy","","","","","","","","",""
"HBF response: Government publishes long-awaited NPPF","https://www.hbf.co.uk/news/hbf-response-government-publishes-long-awaited-nppf/","Home Builders Federation (HBF)","sector-body","2026-08-17","false","false","read; saved copy","","","","","","","","",""
"The National Planning Policy Framework - House of Commons Library","https://commonslibrary.parliament.uk/research-briefings/cbp-10964/","House of Commons Library","government","2026-07-15","true","false","found, not read","","","","","","","","",""
"The National Planning Policy Framework (Research Briefing CBP-10964)","https://researchbriefings.files.parliament.uk/documents/CBP-10964/CBP-10964.pdf","House of Commons Library","government","2026-07-15","true","false","found, not read","","","","","","","","",""
"The New NPPF 2026 Explained – Can You Build An Isolated Home In The Countryside?","https://www.healplanning.co.uk/planning-information/the-new-nppf-2026-explained-can-you-build-an-isolated-home-in-the-countryside/","HEAL Planning","consultancy","2026-09-14","false","false","read; saved copy","","","","agrees","","","","",""
"The New NPPF 2026 Explained – Overall Summary","https://www.healplanning.co.uk/planning-applications/the-new-nppf-2026-explained-overall-summary/","HEAL Planning","consultancy","2026-09-03","false","false","read; saved copy","","","","agrees","","","","",""
"The New NPPF 2026 Explained - New Homes Near Railway Stations","https://www.healplanning.co.uk/planning-information/the-new-nppf-2026-explained-new-homes-near-railway-stations/","HEAL Planning","consultancy","2026-09-14","false","false","read online","","","","","","","","",""
"New National Planning Policy Framework (NPPF) creates new opportunities","https://www.hemarchitects.co.uk/2026/09/02/how-do-the-latest-changes-in-planning-policy-open-up-opportunities-for-your-site/","HEM Architects","consultancy","2026-09-02","false","false","read; saved copy","","","","agrees","","agrees","","",""
"The Setting of Heritage Assets (GPA3)","https://historicengland.org.uk/images-books/publications/gpa3-setting-of-heritage-assets/heag180-gpa3-setting-heritage-assets/","Historic England","government","","false","false","read; saved copy","","","","","","","","",""
"Historic England response to Proposed Reforms to the NPPF","https://historicengland.org.uk/content/docs/consultations/response-reforms-nppf-feb26/","Historic England","government","2026-02-27","true","false","read; saved copy","","","","agrees","","","","agrees",""
"Planning permissions for homes fall to lowest level on record, says HBF","https://www.housingtoday.co.uk/news/planning-permissions-for-homes-fall-to-lowest-level-on-record-says-hbf/5143694.article","Housing Today","press","2026-08-17","false","false","read; saved copy","","","","","","","","",""
"Rayner confirms default 'yes' for homes near train stations in revised NPPF","https://www.housingtoday.co.uk/news/rayner-confirms-default-yes-for-homes-near-train-stations-in-revised-nppf/5143693.article","Housing Today (Daniel Gayne)","press","2026-08-17","false","false","read; saved copy","","","","","","","agrees","",""
"Have We Got Planning News For You (podcast listing)","https://podcasts.apple.com/us/podcast/have-we-got-planning-news-for-you/id1553297169","Apple Podcasts","independent","","false","false","read; saved copy","","","","","","","","",""
"The New National Planning Policy Framework, August 2026 (S20 E1)","https://www.youtube.com/watch?v=pYn_vaX7HUw","Have We Got Planning News For You (podcast; barristers from the Planning Bar)","independent","2026-08-18","false","false","read; saved copy","agrees","agrees","","agrees","agrees","","","",""
"What does the 2026 NPPF say about construction traffic?","https://www.iceniprojects.com/what-does-the-2026-nppf-say-about-construction-traffic/","Iceni Projects","consultancy","2026-09-15","false","false","read; saved copy","","","","","","","","",""
"The quiet demise of local development management plan policies","https://www.iceniprojects.com/the-quiet-demise-of-local-development-management-plan-policies/","Iceni Projects","consultancy","2026-08-25","false","false","read; saved copy","","","","","","","qualifies","",""
"Retail wants to grow. Is planning policy keeping up?","https://www.iceniprojects.com/retail-wants-to-grow-is-planning-policy-keeping-up/","Iceni Projects","consultancy","2026-09-01","false","false","read; saved copy","","","","","","","","",""
"County Council's Network (CCN) responds on New National Planning Policy Framework","https://newsblogs.ihbc.org.uk/?p=47840","Institute of Historic Building Conservation (IHBC) NewsBlogs","sector-body","2026-08-28","false","false","read; saved copy","","","","qualifies","","","","",""
"Grey belt is changing Green Belt appeals, but not in the way many expected","https://theintermediary.co.uk/2026/07/grey-belt-is-changing-green-belt-appeals-but-not-in-the-way-many-expected/","The Intermediary (GapSense analysis, Martin Alderson)","press","2026-07-13","false","false","read; saved copy","","","","","agrees","agrees","","","qualifies"
"Decoding the new NPPF consultation draft: key takeaways from December 2025's proposed planning policy reforms","https://www.irwinmitchell.com/news-and-insights/expert-comment/post/102mfb5/decoding-the-new-nppf-consultation-draft-key-takeaways-from-december-2025s-prop","Irwin Mitchell","law-firm","2026-01-30","true","false","read; saved copy","","","","agrees","","","","",""
"Planning reform: implications for Living sector investors and developers","https://www.irwinmitchell.com/news-and-insights/expert-comment/post/102nh2y/planning-reform-implications-for-living-sector-investors-and-developers","Irwin Mitchell","law-firm","2026-08-12","true","false","read; saved copy","","","","","","","","",""
"RE NPPF Consultation (Just Space response)","https://justspace.org.uk/wp-content/uploads/NPPF-Consultation-2026-Just-Space-100326.pdf","Just Space","campaign","2026-03-10","true","false","read; saved copy","","","","","","","","",""
"Recording Available: Planning Law Update - September 2026","https://www.kingschambers.com/recording-available-planning-law-update-september-2026/","Kings Chambers","chambers","2026-09-18","false","false","read online","","","","","","","","",""
"Recording Available: The (new) National Planning Policy Framework (FIRST SESSION)","https://www.kingschambers.com/recording-available-the-new-national-planning-policy-framework-first-session/","Kings Chambers","chambers","2026-08-19","false","false","read online","","","","","","","","",""
"Recording Available: The (new) National Planning Policy Framework (SECOND SESSION)","https://www.kingschambers.com/recording-available-the-new-national-planning-policy-framework-second-session/","Kings Chambers","chambers","2026-08-19","false","false","read online","","","","","","","","",""
"Webinar: SECOND SESSION - The (new) National Planning Policy Framework","https://www.kingschambers.com/webinar-second-session-the-new-national-planning-policy-framework/","Kings Chambers","chambers","2026-08-19","false","false","read online","","","","","","","","",""
"Webinar: The (new) National Planning Policy Framework","https://www.kingschambers.com/webinar-the-new-national-planning-policy-framework/","Kings Chambers","chambers","2026-08-19","false","false","read online","","","","","","","","",""
"Local Plan Task Group – The New National Planning Policy Framework (NPPF): an overview","https://democracy.west-norfolk.gov.uk/documents/s83466/NPPF update presentation Jan-Feb 2026.pdf","Borough Council of King's Lynn and West Norfolk","lpa","2026-02-10","true","true","read; saved copy","","","","","","","","",""
"Report - NPPF Feb 2026 (Lancaster City Council, Council Business Committee)","https://committeeadmin.lancaster.gov.uk/documents/s92878/CBC+-+Report+-+NPPF+Feb+2026.pdf","Lancaster City Council","lpa","2026-02-19","true","true","read; saved copy","","","","","","","","",""
"New Appeal Decision on NPPF policies S5 and HO13","https://www.landmarkchambers.co.uk/news-and-cases/cases/new-appeal-decision-on-nppf-policies-s5-and-ho13","Landmark Chambers","chambers","2026-09-24","false","false","read; saved copy","","","","qualifies","qualifies","","","",""
"Delivering Clean Energy Through the Planning System: The Changing Energy Sector and the Role of the NPPF","https://www.landmarkchambers.co.uk/events/delivering-clean-energy-through-the-planning-system-the-changing-energy-sector-and-the-role-of-the-nppf-webinar","Landmark Chambers (with Town Legal and Third Revolution Projects)","chambers","2026-09-21","false","false","read; saved copy","","","","","","","","",""
"Exploring the new NPPF draft (webinar, 12 Jan 2026)","https://www.landmarkchambers.co.uk/events/exploring-the-new-nppf-draft","Landmark Chambers","chambers","2026-01-12","true","false","read; saved copy","","","","","","","","",""
"Government publishes new National Planning Policy Framework 2026","https://www.landmarkchambers.co.uk/news-and-cases/news/government-publishes-new-national-planning-policy-framework-2026","Landmark Chambers","chambers","2026-08-17","false","false","read; saved copy","","","","","","","","",""
"Green Belt appeal allowed with full award of costs","https://www.landmarkchambers.co.uk/news-and-cases/cases/green-belt-appeal-allowed-with-full-award-of-costs","Landmark Chambers","chambers","2026-09-07","false","false","read; saved copy","","","","","","","","",""
"Land Use Conference 2026 - From Promise to Delivery: Land Use Reform","https://www.landmarkchambers.co.uk/events/land-use-conference-2026","Landmark Chambers","chambers","2026-10-14","false","false","read; saved copy","","","","","","","","",""
"Exploring the new NPPF draft, Monday 12 January 2026 (slides, Landmark Chambers and LPDF)","https://www.landmarkchambers.co.uk/web-content/uploads/PDFs-documents-and-other-resources/Resources/Landmark-Chambers-and-LPDF-Exploring-the-new-NPPF-draft-2026.pdf","Landmark Chambers / LPDF","chambers","2026-01-12","true","false","read; saved copy","","","","agrees","","","","",""
"NPPF 2026: An Initial Look at the New National Planning Policy Framework (webinar, 3 Sep 2026)","https://www.landmarkchambers.co.uk/events/new-nppf-initial-reactions-webinar","Landmark Chambers","chambers","2026-09-03","false","true","read; saved copy","","","","","","","","",""
"NPPF 2026 webinar: An initial look (resource page)","https://www.landmarkchambers.co.uk/resources/nppf-2026-webinar-an-initial-look","Landmark Chambers","chambers","2026-09-04","false","false","read; saved copy","","","","","","","","",""
"NPPF 2026 webinar: An Initial Look (slides PDF)","https://www.landmarkchambers.co.uk/web-content/uploads/PDFs-documents-and-other-resources/Resources/NPPF-2026-webinar-An-Initial-Look.pdf","Landmark Chambers","chambers","2026-09-03","false","false","read; saved copy","","","","agrees","","agrees","qualifies","agrees",""
"Planning permission quashed by High Court for unlawful inconsistency in decision-making (R (Old Chiswick Protection Society) v LB Hounslow [2026] EWHC 2278 (Admin))","https://www.landmarkchambers.co.uk/news-and-cases/cases/planning-permission-quashed-by-high-court-for-unlawful-inconsistency-in-decision-making","Landmark Chambers","chambers","2026-09-14","false","false","read; saved copy","","","","","","","","","agrees"
"The New NPPF: Placemaking in practice (resource page)","https://www.landmarkchambers.co.uk/resources/the-new-nppf-placemaking-in-practice","Landmark Chambers","chambers","2026-09-28","false","false","read; saved copy","","","","","","","","",""
"The New NPPF webinar: Placemaking in practice (slides PDF)","https://www.landmarkchambers.co.uk/web-content/uploads/PDFs-documents-and-other-resources/Resources/The-New-NPPF-webinar-Placemaking-in-practice.pdf","Landmark Chambers","chambers","2026-09-24","false","false","read; saved copy","","","","agrees","agrees","","disagrees","","agrees"
"The New NPPF: Placemaking in practice (webinar, 24 Sep 2026)","https://www.landmarkchambers.co.uk/events/the-new-nppf-placemaking-in-practice","Landmark Chambers","chambers","2026-09-24","false","false","read; saved copy","","","","","","","","",""
"The New Planning Landscape: How the 2026 NPPF Unlocks Development Opportunity","https://land.tech/blog/the-new-planning-landscape-how-the-2026-nppf-unlocks-development-opportunity","LandTech","consultancy","","false","false","read; saved copy","","agrees","","","","","","",""
"The New National Planning Policy Framework (NPPF): What You Need To Know","https://www.legal500.com/intelligence/united-kingdom/real-estate-and-construction/the-new-national-planning-policy-framework-(nppf)-what-you-need-to-know","Legal 500 (syndicated Hugh James article)","law-firm","","false","false","found, not read","","","","","","","","",""
"The New NPPF: Key Takeaways","https://www.legal500.com/intelligence/united-kingdom/real-estate-and-construction/the-new-nppf-key-takeaways","Legal 500 (Mills & Reeve)","law-firm","2026-09-03","false","false","found, not read","","","","","","","","",""
"NPPF 2026: What It Means For SME Developers","https://www.legal500.com/intelligence/united-kingdom/real-estate-and-construction/nppf-2026-what-it-means-for-sme-developers","Legal 500 (syndicated Thrings article)","law-firm","","false","false","found, not read","","","","","","","","",""
"Long-awaited 2026 revisions to the NPPF published","https://www.lexisnexis.co.uk/legal/news/long-awaited-2026-revisions-to-the-nppf-published","LexisNexis","press","2026-08-17","false","false","read; saved copy","","","","","","","","",""
"Green Belt is now Grey Belt - LGBC & CPRE report","https://londongreenbeltcouncil.org.uk/green-belt-is-now-grey-belt-lgbc-cpre-report/","London Green Belt Council / CPRE","campaign","","false","false","read; saved copy","","","","","","agrees","","","agrees"
"Latest NPPF changes introduced","https://www.lgcplus.com/services/housing/latest-nppf-changes-introduced-17-08-2026/","LGC (Local Government Chronicle)","press","2026-08-17","false","false","read; saved copy","","","","","","","","",""
"39 Essex Chambers' Planning, Environment and Property Week (3-5 March 2026)","https://www.localgovernmentlawyer.co.uk/events/planning/39-essex-chambers-planning-environment-and-property-week","Local Government Lawyer (39 Essex Chambers event)","chambers","2026-03-03","true","false","read; saved copy","","","","","","","","",""
"The August 2026 NPPF: what has changed from the consultation draft?","https://www.localgovernmentlawyer.co.uk/planning/318-planning-features/101642-the-august-2026-nppf-what-has-changed-from-the-consultation-draft","Local Government Lawyer (article by Burges Salmon — Adam Richards, Sarah Sutherland, Daniel Whittle)","press","2026-09-09","false","false","read; saved copy","agrees","","","agrees","","","agrees","",""
"Cornerstone Barristers roundtable on the Draft NPPF: Plan-Making Provisions","https://www.localgovernmentlawyer.co.uk/component/eventbooking/planning/cornerstone-barristers-roundtable-on-the-draft-nppf-plan-making-provisions?Itemid=405","Local Government Lawyer (Cornerstone event)","chambers","2026-02-09","true","true","read; saved copy","","","","","","","","",""
"Revised National Planning Policy Framework to introduce default 'yes' for homes near well-connected stations","https://www.localgovernmentlawyer.co.uk/planning/401-planning-news/101450-revised-national-planning-policy-framework-to-introduce-default-yes-for-homes-near-well-connected-stations","Local Government Lawyer","press","2026-08-17","false","false","read; saved copy","","","","qualifies","","","","",""
"Government insists press reports claiming revised NPPF makes it easier to approve unauthorised Traveller sites are 'wrong'","https://www.localgovernmentlawyer.co.uk/planning/401-planning-news/101474-government-insists-press-reports-claiming-revised-national-planning-policy-framework-makes-it-easier-to-approve-unauthorised-traveller-sites-are-wrong","Local Government Lawyer","press","2026-08-19","false","false","read; saved copy","","","","","","","","",""
"NPPF 2026: An Initial Look at the New National Planning Policy Framework - Landmark Chambers (event listing)","https://www.localgovernmentlawyer.co.uk/component/eventbooking/planning/nppf-2026-an-initial-look-at-the-new-national-planning-policy-framework?Itemid=405","Local Government Lawyer","press","2026-09-03","false","true","read; saved copy","","","","","","","","",""
"NPPF 2026: An Initial Look at the New National Planning Policy Framework (Landmark Chambers webinar)","https://www.localgovernmentlawyer.co.uk/events/planning/nppf-2026-an-initial-look-at-the-new-national-planning-policy-framework","Local Government Lawyer / Landmark Chambers","chambers","2026-09-03","false","true","read; saved copy","","","","","","","","",""
"Revised NPPF clarifies roles of different types of plans and considerations in decision-making, minister tells councils","https://www.localgovernmentlawyer.co.uk/planning/401-planning-news/101482-revised-nppf-clarifies-roles-of-different-types-of-plans-and-considerations-in-decision-making-minister-tells-councils","Local Government Lawyer","press","2026-08-20","false","false","read; saved copy","","","","","","","","",""
"The revised National Planning Policy Framework and registered providers","https://www.localgovernmentlawyer.co.uk/housing-law/315-housing-features/101593-the-revised-national-planning-policy-framework-and-registered-providers","Local Government Lawyer (Catherine Kennedy and Jacob McGrath, Forbes Solicitors)","press","","false","false","read; saved copy","","","","","","","agrees","",""
"Royal borough to challenge decision by planning inspector that metropolitan open land can be 'grey belt'","https://www.localgovernmentlawyer.co.uk/planning/401-planning-news/101583-royal-borough-to-challenge-decision-by-planning-inspector-that-metropolitan-open-land-can-be-grey-belt","Local Government Lawyer","press","2026-09-03","false","false","read; saved copy","","","","","","","","agrees",""
"The New NPPF: A Framework for healthcare delivery?","https://lichfields.uk/blog/2026/february/04/the-new-nppf-a-framework-for-healthcare-delivery","Lichfields","consultancy","2026-02-04","true","false","read; saved copy","","","","","","","","",""
"'Next Station Stop': the NPPF's approach to development around rail stations","https://lichfields.uk/blog/2026/august/17/next-station-stop-the-nppf-s-approach-to-development-around-rail-stations","Lichfields","consultancy","2026-08-17","false","false","read; saved copy","","","","","","","","",""
"Spatial development strategies and national policy","https://lichfields.uk/blog/2026/september/01/spatial-development-strategies-and-national-policy","Lichfields","consultancy","","false","false","read; saved copy","","","","","","","","",""
"Make more little Plans? The NPPF's shift to ten-year local plan periods","https://lichfields.uk/blog/2026/august/27/make-more-little-plans-the-nppf-s-shift-to-ten-year-local-plan-periods","Lichfields","consultancy","2026-08-27","false","false","read; saved copy","","","","","","","","",""
"More of the same for town centres? Reflections on the draft 2025 NPPF consultation","https://lichfields.uk/blog/2026/february/06/more-of-the-same-for-town-centres-reflections-on-the-draft-2025-nppf-consultation","Lichfields","consultancy","2026-02-06","true","false","read; saved copy","","","","agrees","","","","",""
"NPPF 2026 policy test: see which routes any site passes","https://livedin.co.uk/nppf-2026/policy-test","Livedin","independent","","false","false","read; saved copy","","agrees","","agrees","agrees","agrees","qualifies","","agrees"
"NPPF 2026 terminology: the words a planning case turns on","https://livedin.co.uk/nppf-2026/terminology","Livedin","independent","","false","false","read; saved copy","","agrees","","agrees","","","disagrees","",""
"NPPF 2026 explained: the August 2026 Framework for land","https://logical-planning.com/nppf-2026","Logical Planning","consultancy","","false","false","read; saved copy","","","qualifies","","agrees","agrees","","","agrees"
"NPPF 2026 Policy Codes Explained (Paragraph Lookup)","https://logical-planning.com/guides/nppf-2026-policy-codes-explained","Logical Planning","independent","","false","false","read; saved copy","","","","","","","","",""
"NPPF Update: 10 Major Changes Every Planner Must Know","https://www.lsh.co.uk/explore/research-and-views/view-points/2026/february/nppf-update---10-major-changes-every-planner-must-know","Lambert Smith Hampton","consultancy","2026-02-04","true","false","read; saved copy","","","","","","","","",""
"Planner Responds to New National Planning Policy Framework (NPPF)","https://marrons.co.uk/our-news/planner-responds-new-national-planning-policy-framework/","Marrons","consultancy","","true","false","found, not read","","","","","","","","",""
"NPPF 2026 - A Complete Overhaul of National Planning Policy (webinar)","https://www.mblseminars.com/courses/nppf-2026-a-complete-overhaul-of-national-planning-policy-webinar","MBL Seminars","training-body","2026-10-13","false","true","read; saved copy","","","","","","","","",""
"Letter about consultations on planning powers for mayors, and planning agreements for medium sized sites (25 August 2026)","https://assets.publishing.service.gov.uk/media/6a9014c6f5b35599aec18e80/Letter_about_consultations_on_planning_powers_for_mayors__and_planning_agreements_for_medium_sized_sites__25_August_2026_.pdf","MHCLG Chief Planner (Joanna Averley)","government","2026-08-25","false","true","read; saved copy","","","","","","","","",""
"Planning update newsletter (Chief Planner to Chief Planning Officers), 18 August 2026","https://assets.publishing.service.gov.uk/media/6a85760f1b45e4e555421e9a/Chief_Planner_Newsletter_-_August_2026.pdf","MHCLG Chief Planner (Joanna Averley)","government","2026-08-18","false","true","read; saved copy","","","","","","","","",""
"Planning update newsletter, 4 June 2026","https://assets.publishing.service.gov.uk/media/6a21a4f4e13080622db38690/Chief_Planner_Newsletter_-_June_2026.pdf","MHCLG Chief Planner (Joanna Averley)","government","2026-06-04","true","true","read; saved copy","","","","","","","","",""
"Planning update newsletter, 27 March 2026","https://assets.publishing.service.gov.uk/media/69c69124cdfd19de13d0f7c2/Planning_update_newsletter__27_March_2026_.pdf","MHCLG Chief Planner (Joanna Averley)","government","2026-03-27","true","true","read; saved copy","","","","","","","","",""
"Creating a clear, rules-based planning system","https://www.gov.uk/government/publications/creating-a-clear-rules-based-planning-system/creating-a-clear-rules-based-planning-system","MHCLG (Ministry of Housing, Communities and Local Government), GOV.UK","government","2026-08-17","false","false","read; saved copy","","","","","","","","",""
"Design and Placemaking Planning Practice Guidance Public Consultation","https://consult.communities.gov.uk/design-and-placemaking-planning/design-placemaking-planning-practice-guidance","MHCLG (Ministry of Housing, Communities and Local Government)","government","2026-01-21","true","false","read; saved copy","","","","","","","","",""
"National Planning Policy Framework: draft text for consultation (December 2025)","https://assets.publishing.service.gov.uk/media/697b71c52ff8d10a830d5d4a/Draft_NPPF_December_2025.pdf","MHCLG (Ministry of Housing, Communities and Local Government)","government","2025-12-16","true","false","read; saved copy","agrees","","","agrees","agrees","","","",""
"Housing Delivery Test measurement rule book","https://www.gov.uk/government/publications/housing-delivery-test-measurement-rule-book","Ministry of Housing, Communities and Local Government (MHCLG)","government","2026-08-17","false","false","read; saved copy","","","","","agrees","","","",""
"Planning guidance: letters to chief planning officers","https://www.gov.uk/guidance/planning-guidance-letters-to-chief-planning-officers","MHCLG","government","2026-08-27","false","true","read; saved copy","","","","","","","","",""
"National Planning Policy Framework, Annex D: Housing calculations and supply","https://www.gov.uk/guidance/national-planning-policy-framework-annex-d-housing-calculations-and-supply","Ministry of Housing, Communities and Local Government (MHCLG)","government","2026-09-29","false","false","read; saved copy","","","","","agrees","","","",""
"National Planning Policy Framework, Annex E: Green Belt assessments","https://www.gov.uk/guidance/national-planning-policy-framework-annex-e-green-belt-assessments","Ministry of Housing, Communities and Local Government (MHCLG)","government","2026-09-29","false","false","read; saved copy","","","","","","agrees","","",""
"National Planning Policy Framework, Chapter 14: Achieving well-designed places (DP1-4)","https://www.gov.uk/guidance/national-planning-policy-framework-chapter-14-achieving-well-designed-places-dp1-4","Ministry of Housing, Communities and Local Government (MHCLG)","government","2026-09-29","false","false","read; saved copy","","","","","","","agrees","",""
"National Planning Policy Framework, Chapter 20: Conserving and enhancing the historic environment (HE1-10)","https://www.gov.uk/guidance/national-planning-policy-framework-chapter-20-conserving-and-enhancing-the-historic-environment-he1-10","Ministry of Housing, Communities and Local Government (MHCLG)","government","2026-09-29","false","false","read; saved copy","","","","","","","agrees","",""
"National Planning Policy Framework, Chapter 3: Decision-making policies (DM1-10)","https://www.gov.uk/guidance/national-planning-policy-framework-chapter-3-decision-making-policies-dm1-10","Ministry of Housing, Communities and Local Government (MHCLG)","government","2026-09-29","false","false","read; saved copy","","","","","","","","",""
"National Planning Policy Framework, Chapter 6: Delivering a sufficient supply of homes (HO1-13)","https://www.gov.uk/guidance/national-planning-policy-framework-chapter-6-delivering-a-sufficient-supply-of-homes-ho1-13","Ministry of Housing, Communities and Local Government (MHCLG)","government","2026-09-29","false","false","read; saved copy","","","","","","","","",""
"National Planning Policy Framework: proposed reforms and other changes to the planning system (consultation document)","https://assets.publishing.service.gov.uk/media/697b6bc6aacd0dc9777b4fd2/December_2025_NPPF_Consultation.pdf","MHCLG (Ministry of Housing, Communities and Local Government)","government","2025-12-16","true","false","read; saved copy","agrees","","","agrees","agrees","","","","agrees"
"Proposed reforms to the National Planning Policy Framework and other changes to the planning system: government response","https://assets.publishing.service.gov.uk/media/6a82fcec3bd75b81e2329a89/National_Planning_Policy_Framework_consultation_-_government_response.pdf","Ministry of Housing, Communities and Local Government (MHCLG)","government","2026-08-17","false","false","read; saved copy","","agrees","agrees","","","","agrees","agrees",""
"National Planning Policy Framework: proposed reforms and other changes to the planning system (consultation and outcome page)","https://www.gov.uk/government/consultations/national-planning-policy-framework-proposed-reforms-and-other-changes-to-the-planning-system","Ministry of Housing, Communities and Local Government (MHCLG)","government","2026-08-17","false","false","read; saved copy","","","","","","","agrees","",""
"National Planning Policy Framework: proposed reforms and other changes to the planning system","https://www.gov.uk/government/consultations/national-planning-policy-framework-proposed-reforms-and-other-changes-to-the-planning-system/national-planning-policy-framework-proposed-reforms-and-other-changes-to-the-planning-system","MHCLG (Ministry of Housing, Communities and Local Government), GOV.UK","government","2025-12-16","true","false","read; saved copy","agrees","","","agrees","agrees","agrees","","","agrees"
"Planning policy for traveller sites","https://www.gov.uk/government/publications/planning-policy-for-traveller-sites","Ministry of Housing, Communities and Local Government (MHCLG)","government","2026-08-27","false","false","read; saved copy","","","","","","","","",""
"Planning practice guidance (collection)","https://www.gov.uk/government/collections/planning-practice-guidance","Ministry of Housing, Communities and Local Government (MHCLG)","government","2026-09-23","false","false","read; saved copy","","","","","","","","",""
"Green Belt (Planning Practice Guidance)","https://www.gov.uk/guidance/green-belt","Ministry of Housing, Communities and Local Government (MHCLG)","government","2025-02-27","false","false","read; saved copy","","","","","","agrees","","",""
"Public Sector Equality Duty assessment on changes to the National Planning Policy Framework","https://assets.publishing.service.gov.uk/media/6a82fb130ad4bc475be7df36/Public_Sector_Equality_Duty_Assessment_on_changes_to_the_NPPF.pdf","Ministry of Housing, Communities and Local Government (MHCLG)","government","2026-08-17","false","false","read; saved copy","","","agrees","agrees","","","","","agrees"
"Creating a clear, rules-based planning system: letter to local authority leaders and mayors","https://www.gov.uk/government/publications/creating-a-clear-rules-based-planning-system-letter-to-local-authority-leaders-and-mayors","MHCLG (Matthew Pennycook MP, Minister of State for Housing and Planning)","government","2026-08-17","false","false","read; saved copy","","","","","","","","",""
"Creating a clear, rules-based planning system (letter PDF)","https://assets.publishing.service.gov.uk/media/6a83304f03b4fe14b1e7df41/Creating_a_clear__rules-based_planning_system_-_local_authority_leaders_and_mayors.pdf","MHCLG (Matthew Pennycook MP)","government","2026-08-17","false","false","read; saved copy","","","","","","","","",""
"The National Planning Policy Framework 2026","https://www.michelmores.com/planning-law-insight/the-national-planning-policy-framework-2026/","Michelmores","law-firm","2026-08-20","false","false","read; saved copy","","","","","agrees","","","",""
"National Planning Policy Framework 2026 - Appellant's Response (Colwell Farm, Haywards Heath; inquiry document ID32)","https://www.midsussex.gov.uk/media/gjkluaml/id32-appellant-letter-to-inspector-on-nppf-2026.pdf","Mid Sussex District Council inquiry library (author SLR Consulting for Miller Homes, appellant)","lpa","2026-09-03","false","false","read; saved copy","","","agrees","qualifies","qualifies","","disagrees","",""
"Navigating the revised NPPF: Opportunities and challenges for the later living sector","https://www.mills-reeve.com/publications/navigating-the-revised-nppf-opportunities-and-challenges-for-the-later-living-sector/","Mills & Reeve","law-firm","2026-02-02","true","false","read; saved copy","","","","agrees","","","","",""
"Sustainable Transport Consultants In 2026: How Expert Advice Strengthens Planning Applications And Future-Proofs Development","https://mltraffic.co.uk/sustainable-transport-consultants-in-2026-how-expert-advice-strengthens-planning-applications-and-future-proofs-development/","ML Traffic Engineers","consultancy","2026-06-10","false","false","read; saved copy","","","agrees","","","","","",""
"The New National Planning Policy Framework (NPPF): What You Need To Know","https://www.mondaq.com/uk/land-law-agriculture/1839408/the-new-national-planning-policy-framework-nppf-what-you-need-to-know","Mondaq (Hugh James)","law-firm","2026-09-07","false","false","read; saved copy","agrees","","","","","","agrees","","agrees"
"NALC broadly supports the updated National Planning Policy Framework","https://www.nalc.gov.uk/resource/nalc-broadly-supports-the-updated-national-planning-policy-framework.html","National Association of Local Councils (NALC)","sector-body","2026-03-09","true","false","read; saved copy","","","","","","","","",""
"NALC finalises its response to the National Planning Policy Framework consultation","https://www.nalc.gov.uk/resource/nalc-finalises-its-response-to-the-national-planning-policy-framework-consultation.html","National Association of Local Councils (NALC)","sector-body","2026-02-27","true","false","read; saved copy","","","","","","","","",""
"Requesting planning applications and expressing views","https://www.nalc.gov.uk/campaigns/utilising-the-planning-system/requesting-planning-applications.html","National Association of Local Councils (NALC)","sector-body","","false","false","read; saved copy","","","","","","","","",""
"North East Lincolnshire Council Cabinet, 16 September 2026: Pre-Submission Draft Local Plan - Public consultation","https://www.planninggeek.co.uk/wp-content/uploads/2026/09/North-East-Lincolnshire-Full-Council-Local-Plan-Report-24-September-2026.pdf","North East Lincolnshire Council (copy hosted by Planning Geek)","lpa","2026-09-16","false","true","read; saved copy","","","","","agrees","","","",""
"PC 507/26 Proposed reforms to the National Planning Policy Framework - New Forest National Park Authority consultation response","https://www.newforestnpa.gov.uk/wp-content/uploads/2026/03/PC-507-26-NPPF-consultation.pdf","New Forest National Park Authority","lpa","2026-02-17","true","true","read; saved copy","","","","","","","","",""
"National Planning Policy Framework (2026) - Briefing Note (August 2026)","https://newsteer.co.uk/wp-content/uploads/2026/08/NPPF-Briefing-Note-Aug-26-v1.0.pdf","Newsteer","consultancy","2026-08-17","false","false","read; saved copy","","","agrees","agrees","","","","",""
"Updated NPPF will allow thousands of homes to be built near transport hubs","https://builders.org.uk/updated-nppf-will-allow-thousands-of-homes-to-be-built-near-transport-hubs","National Federation of Builders (NFB)","sector-body","2026-08-17","false","false","read; saved copy","","","","","","","","",""
"NFU welcomes plans to cut red tape in the planning system","https://www.nfuonline.com/news/nppf-consultation-announced/","National Farmers' Union (NFU)","sector-body","2026-03-13","true","false","read; saved copy","","","","agrees","","","","",""
"Planning system reform – NFU submits response to NPPF (2024 consultation)","https://www.nfuonline.com/news/national-planning-policy-framework-consultation/","National Farmers' Union (NFU)","sector-body","2024-09-23","true","false","read; saved copy","","","","","","","","",""
"Momentum needed at local level as NFU welcomes new planning framework","https://www.nfuonline.com/news/national-planning-policy-framework-refresh/","National Farmers' Union (NFU)","sector-body","2026-08-20","false","false","read; saved copy","","","","","","","","",""
"Annual Bristol Planning Seminar: New NPPF New Procedures - Appeals, Local Plan Examinations and Court Challenges in 2026/27","https://www.no5.com/2026/07/bristol-planning-seminar-2/","No5 Barristers' Chambers","chambers","2026-09-21","false","false","read online","","","","","","","","",""
"The Planning Podcast Ep 057 - NPPF Flashpoints: No1 Veteran Trees","https://www.no5.com/2026/03/the-planning-podcast-ep-057-nppf-flashpoints-no1-veteran-trees/","No5 Barristers' Chambers","chambers","2026-03-03","true","false","read online","","","","","","","","",""
"The Planning Podcast Episode 058 - The NPPF Consultation and Older People's Housing","https://www.no5.com/2026/03/the-planning-podcast-episode-058-the-nppf-consultation-and-older-peoples-housing/","No5 Barristers' Chambers","chambers","2026-03-05","true","false","read online","","","","","","","","",""
"The Planning Podcast Episode 60: NPPF Flashpoint No4","https://www.no5.com/2026/03/the-planning-podcast-episode-60-nppf-flashpoint-no4/","No5 Barristers' Chambers","chambers","2026-03-09","true","false","read online","","","","","","","","",""
"Planning Reform: Next Phase (Written Ministerial Statement, 16 Dec 2025)","https://www.theyworkforyou.com/wms/?id=2025-12-16.hcws1187.h","UK Parliament (via TheyWorkForYou)","government","2025-12-16","true","false","read; saved copy","","","","","","","","",""
"Further information on the new plan-making system","https://www.local.gov.uk/pas/plans/new-system-local-plans/further-information-new-plan-making-system","Planning Advisory Service","government","","false","true","found, not read","","","","","","","","",""
"The draft National Planning Policy Framework (NPPF): initial Pegasus perspective","https://www.pegasusgroup.co.uk/the-draft-national-planning-policy-framework-nppf-initial-pegasus-perspective/","Pegasus Group","consultancy","2025-12-16","true","false","read; saved copy","","","","","","","","",""
"2026 NPPF: Five Key Changes for Landscape Planning","https://www.pegasusgroup.co.uk/2026-nppf-five-key-changes-for-landscape-planning/","Pegasus Group","consultancy","2026-09-01","false","false","read; saved copy","","","","","","","","",""
"What the NPPF means for Green Belt/Grey Belt development","https://www.pegasusgroup.co.uk/what-the-nppf-means-for-green-belt-grey-belt-development/","Pegasus Group","consultancy","2026-08-18","false","false","read; saved copy","","","","","agrees","agrees","","",""
"NPPF makes pragmatic changes to viability","https://www.pegasusgroup.co.uk/nppf-makes-pragmatic-changes-to-viability/","Pegasus Group","consultancy","2026-08-19","false","false","read; saved copy","","","","","","","","",""
"NPPF is the 'pro development' pivot the UK needs","https://www.pegasusgroup.co.uk/nppf-is-the-pro-development-pivot-the-uk-needs/","Pegasus Group","consultancy","2026-08-18","false","false","read; saved copy","","agrees","","","","agrees","","",""
"New NPPF closes policy void for energy developers and renewables","https://www.pegasusgroup.co.uk/new-nppf-closes-policy-void-for-energy-developers-and-renewables/","Pegasus Group","consultancy","2026-08-17","false","false","read; saved copy","","","","","","","","",""
"What's new for transport planning in the NPPF?","https://www.pegasusgroup.co.uk/whats-new-for-transport-planning-in-the-nppf/","Pegasus Group","consultancy","2026-08-25","false","false","read; saved copy","","","agrees","","","","","",""
"The 1 July 2026 NPPF buffer: seven London boroughs about to tilt","https://perfect-scale.co.uk/insights/nppf-5yhls-buffer-july-2026/","Perfect Scale","consultancy","","false","false","read; saved copy","","","","","agrees","","","","agrees"
"Grey Belt Site Check: Is Your Land Eligible? (2026 UK Developer Guide)","https://www.pfandco.co.uk/insights/grey-belt-site-check-2026","PF & Co (Site Intelligence)","consultancy","2026-05-01","false","false","read; saved copy","","","","","","agrees","","","agrees"
"The August 2026 NPPF: 19 Families, 131 Policies, and What Actually Changed","https://www.pfandco.co.uk/insights/nppf-august-2026-what-changed","PF & Co (Site Intelligence)","consultancy","2026-08-26","false","false","read; saved copy","agrees","agrees","","agrees","agrees","agrees","agrees","",""
"Use of artificial intelligence in casework evidence","https://www.gov.uk/guidance/use-of-artificial-intelligence-in-casework-evidence","Planning Inspectorate","pins","2026-09-29","false","true","read; saved copy","","","","","","","","",""
"Planning appeals: procedural guide - for appeals relating to applications dated on or after 1 April 2026","https://www.gov.uk/guidance/planning-appeals-procedural-guide-for-appeals-relating-to-applications-dated-on-or-after-1-april-2026","Planning Inspectorate","pins","2026-07-16","false","false","read; saved copy","","","","","","","","","agrees"
"Is your appeal decision written in the stars?","https://planninginspectorate.blog.gov.uk/2026/08/19/is-your-appeal-decision-written-in-the-stars/","Planning Inspectorate (Claire Sherratt, Inspector Profession Lead)","pins","2026-08-19","false","false","read; saved copy","","","","","","","","","qualifies"
"Planning Inspectorate Casework Database","https://www.gov.uk/government/publications/planning-inspectorate-appeals-database","Planning Inspectorate","pins","2026-10-01","false","false","read; saved copy","","","","","","","","","qualifies"
"NPPF updated to boost housing, renewables and water infrastructure delivery","https://www.pinsentmasons.com/out-law/news/nppf-boost-housing-renewables-water-infrastructure","Pinsent Masons (Out-Law)","law-firm","2026-08-21","false","false","read; saved copy","","","","","agrees","","","",""
"NPPF: A Practical Guide to Local Plan making, Case Promotion and Decision Taking (webinar, 5 Oct 2026)","https://www.pinsentmasons.com/events-training/nppf---key-changes-for-planning-and-development","Pinsent Masons","law-firm","2026-10-05","false","false","read; saved copy","","","","","","","","",""
"75% of major grey belt appeals approved since policy introduction","https://www.theplanner.co.uk/2026/04/07/75-major-grey-belt-appeals-approved-policy-introduction-analysis","The Planner (Royal Town Planning Institute, RTPI)","press","2026-04-07","false","false","found, not read","","","","","","","","",""
"Nature and planning - has the NPPF gone far enough?","https://www.theplanner.co.uk/2026/09/15/nature-and-planning-has-nppf-gone-far-enough","The Planner (Royal Town Planning Institute, RTPI)","press","2026-09-15","false","false","found, not read","","","","","","","","",""
"Many NPPF changes welcome, but there are concerns about the plan-led system","https://www.theplanner.co.uk/2026/03/17/many-nppf-changes-welcome-there-are-concerns-about-plan-led-system","The Planner (Royal Town Planning Institute, RTPI)","press","2026-03-17","true","false","found, not read","","","","","","","","",""
"Inspector allows 600-home countryside appeal after applying new 'unmet need' NPPF presumption test","https://www.planningresource.co.uk/article/1971338/inspector-allows-600-home-countryside-appeal-applying-new-unmet-need-nppf-presumption-test","Planning (planningresource.co.uk)","press","","false","false","found, not read","","","","","","","","",""
"New NPPF 2026: Major Changes Affecting Planning Applications from 17 August","https://planning-by-design.co.uk/new-nppf-2026-major-changes-affecting-planning-applications-from-17-august/","Planning by Design","consultancy","2026-08-18","false","false","read; saved copy","","","","agrees","agrees","","agrees","",""
"Compass: search planning appeal decisions (340,000+)","https://www.planningresource.co.uk/compass","Planning (planningresource.co.uk)","press","","false","false","found, not read","","","","","","","","",""
"NPPF 2026: What Changed on 17 August and What It Means for Live Planning Applications","https://planninggateway.co.uk/nppf-2026-what-changed-on-17-august-and-what-it-means-for-live-planning-applications/","UK Planning Gateway (Submit A Plan Ltd)","independent","","false","false","read; saved copy","","","agrees","","agrees","","agrees","",""
"IMPORTANT: The government updates the National Planning Policy Framework (NPPF) (August 2026)","https://planningjungle.com/2026/08/18/important-the-government-updates-the-national-planning-policy-framework-nppf-august-2026/","Planning Jungle","training-body","2026-08-18","false","true","read; saved copy","","","","","","","","",""
"New NPPF to include 'more explicit presumption in favour of development within settlements'","https://www.planningresource.co.uk/article/1967512/new-nppf-include-more-explicit-presumption-favour-development-within-settlements","Planning (planningresource.co.uk)","press","","true","false","found, not read","","","","","","","","",""
"Inspector allows 249 homes on unallocated farmland after applying revised NPPF's new 'unmet need' test","https://www.planningresource.co.uk/article/1970039/inspector-allows-249-homes-unallocated-farmland-applying-revised-nppfs-new-unmet-need-test","Planning Resource","press","","false","false","found, not read","","","","","","","","",""
"Albrighton: Secretary of State recovers 800-home appeal","https://www.planninggeek.co.uk/2026/albrighton-appeal/","Planning Geek (Ian Walmsley)","independent","2026-09-18","false","false","read; saved copy","","","","","","agrees","","",""
"Aston Clinton appeal: 66 homes win despite failing NPPF test","https://www.planninggeek.co.uk/2026/aston-clinton-appeal-settlement-test/","Planning Geek (Ian Walmsley)","independent","2026-09-27","false","false","read; saved copy","","","","qualifies","","","qualifies","","agrees"
"Build outside a settlement boundary? NPPF 2026","https://www.planninggeek.co.uk/policy/build-outside-a-settlement-boundary/","Planning Geek (Ian Walmsley)","independent","2026-09-25","false","false","read; saved copy","","agrees","","agrees","agrees","agrees","","",""
"Croxley Green appeal: 600 homes, disputed grey belt and the new NPPF","https://www.planninggeek.co.uk/2026/croxley-green-appeal/","Planning Geek (Ian Walmsley)","independent","2026-08-31","false","false","read; saved copy","","","","","","agrees","","","agrees"
"East Devon holiday home wins unrestricted use under new NPPF","https://www.planninggeek.co.uk/2026/east-devon-holiday-home/","Planning Geek (Ian Walmsley)","independent","2026-09-30","false","false","read; saved copy","agrees","","","agrees","agrees","","","",""
"Grey Belt: 10-Caravan Site Wins Enforcement Appeal","https://www.planninggeek.co.uk/2026/grey-belt-caravan-enforcement/","Planning Geek (Ian Walmsley)","independent","2026-09-06","false","false","read; saved copy","","","","","agrees","agrees","","",""
"Heald Green grey belt: up to six homes allowed in principle","https://www.planninggeek.co.uk/2026/heald-green-grey-belt/","Planning Geek (Ian Walmsley)","independent","2026-09-13","false","false","read; saved copy","","","agrees","","agrees","agrees","agrees","",""
"NPPF S5 helps self-build home win Horsham countryside appeal","https://www.planninggeek.co.uk/2026/horsham-nppf-s5-infill/","Planning Geek (Ian Walmsley)","independent","2026-09-11","false","false","read; saved copy","","","","agrees","","","","",""
"Hurst Green grey belt: 132 homes fail on odour evidence","https://www.planninggeek.co.uk/2026/hurst-green-grey-belt-odour/","Planning Geek (Ian Walmsley)","independent","2026-09-21","false","false","read; saved copy","","","","","agrees","agrees","","",""
"Keynsham grey belt: 200 homes backed as Golden Rules bite","https://www.planninggeek.co.uk/2026/keynsham-grey-belt/","Planning Geek (Ian Walmsley)","independent","2026-09-04","false","false","read; saved copy","","","","","","agrees","","",""
"Kirklees grey belt house clears GB7 but still loses appeal","https://www.planninggeek.co.uk/2026/grey-belt-house-kirklees/","Planning Geek (Ian Walmsley)","independent","2026-09-30","false","false","read; saved copy","","","","","agrees","agrees","","",""
"NPPF 2024 vs 2026: The Essential Planning Changes","https://www.planninggeek.co.uk/policy/nppf-2024-vs-2026/","Planning Geek (Ian Walmsley)","independent","","false","false","read; saved copy","","agrees","","agrees","agrees","agrees","agrees","","agrees"
"NPPF timeline: every Framework from 2012 to 2026","https://www.planninggeek.co.uk/policy/nppf-timeline/","Planning Geek","independent","2026-08-25","false","false","read; saved copy","","","","","","","","","agrees"
"Presumption in favour of sustainable development (NPPF)","https://www.planninggeek.co.uk/policy/presumption-in-favour-of-sustainable-development/","Planning Geek","independent","2026-09-17","false","false","read; saved copy","agrees","agrees","","agrees","agrees","agrees","","",""
"Revised NPPF published: what it means for you","https://www.planninggeek.co.uk/2026/revised-nppf-2026/","Planning Geek (Ian Walmsley)","independent","2026-08-17","false","false","read; saved copy","agrees","","agrees","","agrees","agrees","agrees","",""
"Sevenoaks grey belt appeal: traveller site wins 3-year reprieve","https://www.planninggeek.co.uk/2026/sevenoaks-grey-belt-appeal/","Planning Geek (Ian Walmsley)","independent","2026-09-29","false","false","read; saved copy","","","","","","qualifies","","",""
"South Nutfield grey belt: GB7 location test fails","https://www.planninggeek.co.uk/2026/south-nutfield-grey-belt-gb7/","Planning Geek (Ian Walmsley)","independent","2026-09-21","false","false","read; saved copy","","","agrees","","agrees","agrees","","",""
"Grey belt homes refused despite 1.97-year housing supply","https://www.planninggeek.co.uk/2026/tandridge-grey-belt/","Planning Geek (Ian Walmsley)","independent","2026-09-07","false","false","read; saved copy","","","agrees","","agrees","agrees","","",""
"58 homes allowed at Thundersley after grey-belt policy changes planning balance","https://www.planninggeek.co.uk/2026/thundersley-grey-belt/","Planning Geek (Ian Walmsley)","independent","2026-09-15","false","false","read; saved copy","","","","","agrees","agrees","","",""
"Whitchurch housing appeal: 115 homes refused under NPPF 2026","https://www.planninggeek.co.uk/2026/whitchurch-housing-appeal/","Planning Geek (Ian Walmsley)","independent","2026-09-19","false","false","read; saved copy","","","","agrees","agrees","","","",""
"Wychavon Green Belt appeal fails despite brownfield success","https://www.planninggeek.co.uk/2026/wychavon-green-belt-appeal/","Planning Geek (Ian Walmsley)","independent","2026-09-18","false","false","read; saved copy","","","","","","agrees","","",""
"The basics #19 - how many planning appeals win?","https://www.planoraks.com/posts-1/the-basics-19-how-many-planning-appeals-win","#planoraks (Zack Simons KC, Landmark Chambers)","independent","","false","false","read; saved copy","","","","","","","","","qualifies"
"#NPPF2026 - Welcome to the Future!","https://www.planoraks.com/posts-1/nppf2026-welcome-to-the-future","#planoraks (Zack Simons KC, Landmark Chambers)","independent","2026-08-18","false","false","read; saved copy","","","","agrees","agrees","","","",""
"NPPF (August 2026) published","https://uk.practicallaw.thomsonreuters.com/w-050-8941?transitionType=Default&contextData=%28sc.Default%29","Practical Law (Thomson Reuters)","press","","false","false","found, not read","","","","","","","","",""
"RE:UK broadly welcomes revised National Planning Policy Framework","https://www.propertyweek.com/news/reuk-broadly-welcomes-revised-national-planning-policy-framework","Property Week","press","2026-08-21","false","false","read; saved copy","","","","","","","","",""
"Revised NPPF puts emphasis on the national","https://www.propertyweek.com/legal-professional/revised-nppf-puts-emphasis-on-the-national","Property Week (Tim Clark)","press","2026-08-26","false","false","read; saved copy","","","","qualifies","","","","","agrees"
"NPPF 2026: what architects need to know","https://www.ribaj.com/intelligence/national-planning-policy-framework-2026-what-architects-need-to-know/","RIBA Journal","press","","false","false","found, not read","","","","","","","","",""
"Room 106 (Planning magazine podcast)","https://www.listennotes.com/podcasts/room-106-planning-magazine-7Q3HMcP4piK/","Planning magazine / Listen Notes","press","","false","false","read; saved copy","","","","","","","","",""
"NPPF 'could boost rural housing'","https://www.rsnonline.org.uk/nppf-could-boost-rural-housing","Rural Services Network","sector-body","","true","false","read; saved copy","","","","","","","","",""
"Spotlight on Rural Housing - January 2026","https://www.rsnonline.org.uk/spotlight-on-rural-housing-january-2026","Rural Services Network / Rural Housing Alliance","sector-body","","true","false","read; saved copy","","","","","","","","",""
"Briefing for parliamentarians on proposed reforms to the NPPF and other changes to the planning system","https://www.rtpi.org.uk/policy-and-research/planning-reform-hub/briefings/briefing-for-parliamentarians-on-proposed-reforms-to-the-nppf-and-other-changes-to-the-planning-system/","Royal Town Planning Institute (RTPI)","sector-body","","true","false","found, not read","","","","","","","","",""
"CPD Masterclass Calendar","https://www.rtpi.org.uk/events-training-and-awards/rtpi-training/online-cpd-masterclasses/","Royal Town Planning Institute (RTPI)","training-body","","false","true","found, not read","","","","","","","","",""
"South West events and CPD","https://www.rtpi.org.uk/find-your-rtpi/rtpi-english-regions/rtpi-south-west/south-west-events-and-cpd/","RTPI South West","training-body","","false","true","found, not read","","","","","","","","",""
"West Midlands events","https://www.rtpi.org.uk/find-my-rtpi/rtpi-english-regions/rtpi-west-midlands/west-midlands-events/","RTPI West Midlands (Royal Town Planning Institute)","training-body","","false","false","found, not read","","","","","","","","",""
"The Rural ROAR: Green Not Grey","https://ruralroar.org.uk/","Rural ROAR (Effingham Parish Council-led campaign)","campaign","2026-08-26","false","false","read; saved copy","","","","","","agrees","","","agrees"
"Will the ambition – and caution – in the draft NPPF unlock economic growth?","https://www.savills.co.uk/blog/article/389634/residential-property/will-the-ambition---and-caution---in-the-draft-nppf-unlock-economic-growth-.aspx","Savills","consultancy","2026-04-09","true","false","read; saved copy","","","","","","","","",""
"Savills provides initial thoughts on new National Planning Policy Framework","https://www.savills.co.uk/insight-and-opinion/savills-news/393855/savills-provides-initial-thoughts-on-new-national-planning-policy-framework","Savills","consultancy","2026-08-17","false","false","read; saved copy","","","","","","agrees","","",""
"The new language in planning: 10 key words and phrases for 2026","https://www.savills.co.uk/blog/article/386492/residential-property/the-new-language-in-planning--10-key-words-and-phrases-for-2026.aspx","Savills","consultancy","2026-01-23","true","false","read; saved copy","","","","","","","","",""
"NPPF viability reform – crucial but underappreciated?","https://www.savills.co.uk/blog/article/385968/residential-property/nppf-viability-reform---crucial-but-underappreciated-.aspx","Savills","consultancy","2026-01-15","true","false","read; saved copy","","","","","","","","",""
"Rewriting the planning rulebook: how the draft NPPF aims to unlock housing delivery across England and within London","https://www.savills.co.uk/blog/article/387116/podcasts/rewriting-the-planning-rulebook--how-the-draft-nppf-aims-to-unlock-housing-delivery-across-england-and-within-london.aspx","Savills","consultancy","2026-02-11","true","false","read; saved copy","","","","","","","","",""
"NPPF 2026: Key Planning Reforms for LPAs and Developers","https://www.sharpepritchard.co.uk/latest-news/nppf-2026-key-planning-reforms/","Sharpe Pritchard","law-firm","2026-08-20","false","false","read; saved copy","","agrees","","agrees","agrees","","agrees","",""
"The New NPPF: What the August 2026 Rewrite Means for You","https://silverplan.co.uk/the-nppf-august-2026/","Silverback Planning Solutions","consultancy","","false","false","read; saved copy","","","","","agrees","","","",""
"Developing Near Stations","https://simonicity.com/2026/09/05/developing-near-stations/","Simon Ricketts (Simonicity)","law-firm","2026-09-05","false","false","read; saved copy","","","","","","","","",""
"Evidenced Unmet Need","https://simonicity.com/2026/09/20/evidenced-unmet-need/","Simon Ricketts (Simonicity)","law-firm","2026-09-20","false","false","read; saved copy","","","","agrees","agrees","","","",""
"Framework Good Work","https://simonicity.com/2025/12/19/framework-good-work/","Simon Ricketts (Simonicity)","law-firm","2025-12-19","true","false","read; saved copy","","","","","","","","",""
"Grey Belt Tests Tested","https://simonicity.com/2026/02/07/grey-belt-tests-tested/","Simon Ricketts (Simonicity)","law-firm","2026-02-07","true","false","read; saved copy","","","","","","agrees","","",""
"Mark-Up Of Final Version of NPPF vs Draft","https://simonicity.com/2026/08/17/mark-up-of-final-version-of-nppf-vs-draft/","Simon Ricketts (Simonicity blog; partner, Town Legal LLP; personal views)","law-firm","2026-08-17","false","false","read; saved copy","","","","","","","","",""
"Simonicity - NPPF category listing","https://simonicity.com/category/nppf/","Simon Ricketts (Simonicity)","law-firm","","false","false","read; saved copy","","","","","","","","",""
"Old Wine In A New Bottle: Heritage Considerations In The New NPPF","https://simonicity.com/2026/09/27/old-wine-in-a-new-bottle-heritage-considerations-in-the-new-nppf/","Simon Ricketts (Simonicity)","law-firm","2026-09-27","false","false","read; saved copy","","","","","","","agrees","",""
"A Problem With The Draft London Plan?","https://simonicity.com/2026/09/13/a-problem-with-the-draft-london-plan/","Simon Ricketts (Simonicity)","law-firm","2026-09-13","false","false","read; saved copy","","","","","","","","",""
"Push The Button: The Pro-Development Presumptions, \""Substantial Weight\"" & \""Support\"" Policies In The New NPPF","https://simonicity.com/2026/08/31/push-the-button-the-pro-development-presumptions-substantial-weight-support-policies-in-the-new-nppf/","Simon Ricketts (Simonicity)","law-firm","2026-08-31","false","false","read; saved copy","","","","agrees","","agrees","","",""
"New National Planning Policy Framework (NPPF)","https://www.slcc.co.uk/new-national-planning-policy-framework-nppf/","Society of Local Council Clerks (SLCC)","training-body","","false","true","read; saved copy","","","","agrees","","","","",""
"National Planning Policy Framework expected to be published over the summer","https://www.slcc.co.uk/national-planning-policy-framework-expected-to-be-published-over-the-summer/","Society of Local Council Clerks (SLCC)","sector-body","","true","false","read; saved copy","","","","","","","","",""
"SLCC's response to NPPF consultation","https://www.slcc.co.uk/slccs-response-to-nppf-consultation-2/","Society of Local Council Clerks (SLCC)","sector-body","2026-03-10","true","false","read; saved copy","","","","agrees","","","","",""
"South Oxfordshire District Council's response to the Government's National Planning Policy Framework: Proposed Reforms and Other Changes to the Planning System Consultation","https://www.southandvale.gov.uk/app/uploads/sites/2/2026/03/South-Oxfordshire-NPPF-Consultation-Response.pdf","South Oxfordshire District Council","lpa","2026-03-10","true","false","read; saved copy","agrees","","agrees","agrees","","","","","agrees"
"Neighbourhood Planning in 2026: Refined, Not Removed","https://squiresplanning.co.uk/index.php/news-updates/157-neighbourhood-planning-in-2026-refined-not-removed","Squires Planning","consultancy","2025-12-17","true","false","read; saved copy","","","","","agrees","","","",""
"Briefing Note - Consultation on new draft National Planning Policy Framework (St Albans PPC, 19 Jan 2026)","https://stalbans.moderngov.co.uk/documents/s50076162/PPC%2019%20Jan%202026%20-%20Government%20Updates%20inc.%20New%20Draft%20NPPF.pdf","St Albans City and District Council","lpa","2026-01-19","true","true","read; saved copy","","","","","","","","",""
"Stantec's response to the new NPPF","https://www.stantec.com/uk/ideas/new-nppf-progress-potential-pitfalls-solutions","Stantec","consultancy","","true","false","found, not read","","","","","","","","",""
"Insights around planning reform in 2026","https://www.stantec.com/uk/ideas/market/community-development/what-to-know-about-planning-reform-2026-insights-from-stantec-and-pinsent-masons","Stantec","consultancy","","true","false","found, not read","","","","","","","","",""
"The 2026 NPPF – first impressions","https://rural.struttandparker.com/article/the-2026-nppf-first-impressions/","Strutt & Parker","consultancy","2026-08-24","false","false","read; saved copy","","","","agrees","","","","",""
"Planning reform update: 7 key changes for rural landowners","https://rural.struttandparker.com/article/planning-reform-update-7-key-changes-for-rural-landowner/","Strutt & Parker","consultancy","2026-06-26","true","false","read; saved copy","","","","","agrees","","","",""
"What the NPPF means for residential development viability","https://rural.struttandparker.com/article/what-the-nppf-means-for-residential-development-viability/","Strutt & Parker","consultancy","2026-08-28","false","false","read; saved copy","","","","","","","","",""
"Navigating a new policy landscape for affordable homes in rural areas","https://rural.struttandparker.com/article/navigating-a-new-policy-landscape-for-affordable-homes-in-rural-areas/","Strutt & Parker","consultancy","2026-09-18","false","false","read; saved copy","","","","","","","","",""
"2026 NPPF Changes: A Guide to Rural Housing Planning","https://studiobark.co.uk/resources/nppf-rural-housing-planning","Studio Bark","consultancy","","false","false","read; saved copy","","","qualifies","agrees","agrees","","qualifies","","agrees"
"NPPF creates hooks for progressive outcomes, but where is the vision?","https://www.tcpa.org.uk/nppf-creates-hooks-for-progressive-outcomes-but-where-is-the-vision/","Town and Country Planning Association (TCPA)","campaign","2026-08-19","false","false","read; saved copy","","","agrees","","","","","",""
"TCPA response: proposed reforms to the National Planning Policy Framework","https://www.tcpa.org.uk/tcpa-response-proposed-reforms-to-the-national-planning-policy-framework/","Town and Country Planning Association (TCPA)","campaign","2025-12-16","true","false","read online","","","","","","","","",""
"TKP Discussion Paper on Cross-Subsidy within Rural Exception Schemes","https://www.tetlow-king.co.uk/tkp-discussion-paper-on-cross-subsidy-within-rural-exception-schemes/","Tetlow King Planning","consultancy","","false","false","found, not read","","","","","","","","",""
"NPPF 2026: Beyond housing to support growth & infrastructure","https://www.thelawyer.com/briefing/nppf-2026-beyond-housing-to-support-growth-infrastructure/","The Lawyer (Shoosmiths briefing)","law-firm","","false","false","found, not read","","","","","","","","",""
"'Dangerous' revised NPPF may 'eradicate public scrutiny'","https://www.theplanner.co.uk/2026/07/23/CPRE-NPPF-Warning","The Planner (CPRE quoted)","press","2026-07-23","true","false","found, not read","","","","","","","","",""
"Local Planning Authority Response to the National Planning Policy Framework 2026 (APP/P1940/V/26/3378268, Land East of Oxhey Lane, Carpenders Park)","https://cdn.threerivers.gov.uk/files/2026/09/7c921ef0-aacb-11f1-a016-7b6778b9048c-ID.37.pdf?v=2026-09-07T14%3A50%3A37.313Z","Three Rivers District Council","lpa","2026-08-28","false","true","read; saved copy","","","agrees","","","agrees","","",""
"NPPF 2026: What it means for SME developers","https://www.thrings.com/blog/nppf-2026-sme-developers","Thrings LLP","law-firm","2026-08-20","false","false","read; saved copy","","","","","agrees","agrees","","",""
"Transport-Led Placemaking and Regeneration: The Framework for Delivery is Here","https://www.townlegal.com/talk%20about%20town/transport-led-placemaking-and-regeneration-the-framework-for-delivery-is-here/","Town Legal","law-firm","2026-05-13","true","false","read; saved copy","","","","","","","","",""
"What next for Green Belt and grey belt: implications of the NPPF","https://turley.co.uk/latest/comment/nppf-green-belt-and-grey-belt-implications","Turley","consultancy","2026-01-09","true","false","read; saved copy","","","","","","agrees","","",""
"What the NPPF's key changes mean for housing, growth and plan-making","https://turley.co.uk/latest/comment/nppfs-housing-growth-and-plan-making","Turley","consultancy","2025-12-22","true","false","read; saved copy","","","","agrees","","","","",""
"What the NPPF 2026 means for heritage decision making","https://turley.co.uk/latest/comment/nppf-2026-heritage-decision-making","Turley","consultancy","2026-08-21","false","false","read; saved copy","","","","","","agrees","agrees","",""
"The August 2026 NPPF – What Has Changed?","https://www.tyler-parkes.co.uk/post/the-august-2026-nppf-what-has-changed","Tyler-Parkes","consultancy","2026-08-19","false","false","read; saved copy","","","","","","","","",""
"NPPF 2026: What England's New Planning Rules Mean in Practice","https://urbanistarchitecture.co.uk/nppf-2026/","Urbanist Architecture","consultancy","2026-08-18","false","false","read; saved copy","","agrees","agrees","agrees","agrees","agrees","agrees","qualifies","agrees"
"NPPF 2026: What happens to pending planning applications?","https://urbanistarchitecture.co.uk/nppf-2026-live-pending-planning-applications/","Urbanist Architecture","consultancy","2026-08-26","false","false","read; saved copy","","","","","","agrees","agrees","",""
"Green Belt Rules: Updated NPPF and What It Means for the Green Belt","https://urbanistarchitecture.co.uk/green-belt-rules-nppf/","Urbanist Architecture","consultancy","","false","false","read; saved copy","","","","","","","","",""
"Examples of Grey Belt Planning & Appeal Decisions [March 2026 Update]","https://urbanistarchitecture.co.uk/grey-belt-planning-and-appeal-decisions/","Urbanist Architecture","consultancy","","false","false","read; saved copy","","","","","agrees","agrees","","","agrees"
"How Sustainable Location Determines Grey Belt Success [2026 Update]","https://urbanistarchitecture.co.uk/sustainable-location/","Urbanist Architecture","consultancy","","false","false","read; saved copy","","","qualifies","","agrees","agrees","","qualifies","agrees"
"NPPF 2026: What the new planning reforms mean for developers, landowners and investors","https://www.vailwilliams.com/nppf-2026-planning-reforms-developers-landowners-investors/","Vail Williams","consultancy","2026-08-18","false","false","read online","","","","","","","","",""
"National Planning Policy Framework 2026: Our 'at a glance' insights","https://www.walkermorris.co.uk/comment-opinion/national-planning-policy-framework-2026-our-at-a-glance-insights/","Walker Morris","law-firm","2026-09-24","false","false","read; saved copy","","","","agrees","","","","",""
"New National Planning Policy Framework Creates Unprecedented Opportunities for Rural Landowners, Farmers and Businesses","https://waypointplanning.co.uk/new-national-planning-policy-framework-creates-unprecedented-opportunities-for-rural-landowners-farmers-and-businesses/","Waypoint Planning (Wilson Wraight LLP)","consultancy","2026-09-03","false","false","read; saved copy","","","","","","","","",""
"Our response to the National Planning Policy Framework (NPPF)","https://www.wildlifetrusts.org/our-response-national-planning-policy-framework-nppf","The Wildlife Trusts","campaign","","true","false","read online","","","","","","","","",""
"The new National Planning Policy Framework - what Councils need to know (Council Training)","https://www.worcscalc.org.uk/events/event-categories/council-training/the-new-national-planning-policy-framework-what-councils-need-to-know?tmpl=component&print=1","Worcestershire County Association of Local Councils (event run by YLCA)","training-body","","false","true","read; saved copy","","","","","","","","",""
"The new 2026 NPPF: What changed and what does it mean for you?","https://www.wdarchitects.co.uk/the-new-2026-nppf-what-changed-and-what-does-it-mean-for-you/","Wotton Donoghue Architects","consultancy","2026-08-20","false","false","read; saved copy","","","","","","","","",""
"Planning Policy and Local Plan Advisory Group, 9 June 2026: UK Planning Reform and Requirement for a Local Plan Scoping Consultation","https://democracy.york.gov.uk/documents/s189540/PPLPAG%20Report%20Planning%20system%20Scoping.html?CT=2","City of York Council","lpa","2026-06-09","true","true","read; saved copy","","","","","","","","",""
